UGCGUCAAUGACUAGAGGGAUCCUCAAGGAUCGAUUACACGCUUAAGUGACGGGGAG	..(((((...........(((((....)))))...............))))).....	-10.5	0.958909	0.197965	2	10.0589	0	10	0	0.512506	0	0.541714	0	0	0	0
GAGCGAUGAGUUAAAGACCUGCCAUGCGUUUGUGAUAUAACCGACGUCUCAAUCAA	....((((((...............(((((.((......)).)))))))).)))..	-7	0.890903	0.297278	1	10.7679	0	8	0	0	0	2.15768	0	0	0	0
AUGCUCGCCCAUUUCACGCGGCACCUAUGUGCAUUACACAGA	.(((.(((.........))))))....((((.....))))..	-8.2	0.92129	0.255184	1	11.2366	0	64	0	0	0	0	0	0	2.23127	0
GGGGCUCCUUUACAGUUAGGUCAGGCAUUACAGCUUCAAAAAG	(((((((((........)))...........))))))......	-6	0.858149	0.340955	1	11.8327	0	2	0	0.983144	0	0	0	0	0	0
GCCUCGGUGUUUUGCUAUACUAGCGCGUUACGUACUUUGAACCCGAGAAUAAGG	..(((((.(((((((((...))))).............))))))))).......	-11.2	0.966431	0.185167	1	10.133	0	32	0	0	0	0	0	1.1703	0	0
GUACUUCUUGCAAAUCGCCUCUGGAUAUGUUGUGUGCUCGCUGCGGA	((((.....(((.(((.......))).)))...))))..........	-5.9	0.854458	0.345823	2	11.6299	0	5	0.482707	0	0.398619	0	0	0	0	0
CCUGCGAGAUACCCUGACUGCGAGCCUAAGCAAAUCGCG	..(((((...........(((........)))..)))))	-5.5	0.838891	0.366297	1	12.2869	0	2	0	2.03171	0	0	0	0	0	0
AUACCGUGCAGAUCGUGCUUUUCAACAGGUGGACUUACACCUCGACCCGGAUCCUUG	...(((.(((.....)))........(((((......))))).....))).......	-10	0.952574	0.208268	1	10.1201	0	4	0	0	1.02349	0	0	0	0	0
UAACUCAGGCCUUGAUGAAUACGUGCCGACUUAGCAGCCGAU	.......(((.............(((.......))))))...	-2.8	0.698465	0.556967	1	13.5577	0	1	0.750461	0	0	0	0	0	0	0
UCUUACGCACGCCUCUAAAUGAGAUAGGGGGUGU	......((((.((((((.......))))))))))	-10.5	0.958909	0.197965	1	11.3162	0	1	0.958909	0	0	0	0	0	0	0
AGUGCUGUUCAGUACAUUGAGAAUCCGUGGAGCUCCACAAUGGCUCCGGGAUCG	.(((((....))))).......((((.(((((((.......)))))))))))..	-17.9	0.995367	0.122301	1	9.84934	0	1	1.06947	0	0	0	0	0	0	0
CGUGGCUGCGAAUGAGGCGCCACGUGACCAGGUAGUUCAGACGGAGAUUGGAA	((((((.((.......))))))))...((((....(((....)))..))))..	-16.6	0.993173	0.128922	1	9.91948	0	1	1.06711	0	0	0	0	0	0	0
UGAUCCGCUAGGAAAGUGACAGUGCGGAUGGGAGUUUGGUAUCC	..((((((...............)))))).(((........)))	-9.7	0.948339	0.214963	1	10.8419	0	16	0	0	0	0	2.49901	0	0	0
CUCCCCGUCACUUAAGCGUGUAAUCGAUCCUUGAGGAUCCCUCUAGUCAUUGACGCA	...............((((.((((.(((....((((...))))..))))))))))).	-10.8	0.962312	0.19226	0	10.026	0	0	0	0	0	0	0	0	0	10
UAGUAACGUGGACAGUGUAAAAGAUUUGGUGACUGGAGAACCUGGUG	.......((...((((...............))))....))......	-2.5	0.679179	0.585225	1	13.4094	0	16	0	0	0	0	0.861555	0	0	0
